{"cameraMode":{"drawMode":0,"name":"Shaded","section":"Shading Mode"},"sceneLighting":true,"audioPlay":false,"sceneViewState":{"showFog":true,"showMaterialUpdate":false,"showSkybox":true,"showFlares":true,"showImageEffects":true,"showParticleSystems":true},"in2DMode":false,"pivot":{"x":-5.068264484405518,"y":-0.7192665338516235,"z":-1.770585060119629},"rotation":{"x":0.09512005001306534,"y":-0.8985402584075928,"z":0.24143756926059724,"w":0.3539990484714508},"size":3.5419654846191408,"orthographic":false}