{"cameraMode":{"drawMode":0,"name":"Shaded","section":"Shading Mode"},"sceneLighting":false,"audioPlay":false,"sceneViewState":{"showFog":true,"showMaterialUpdate":false,"showSkybox":true,"showFlares":true,"showImageEffects":true,"showParticleSystems":true},"in2DMode":false,"pivot":{"x":5.5882768630981449,"y":1.8501009941101075,"z":-5.673920631408691},"rotation":{"x":0.01984195038676262,"y":-0.978828489780426,"z":0.1675189584493637,"w":0.11593920737504959},"size":6.266026496887207,"orthographic":false}