{"cameraMode":{"drawMode":0,"name":"Shaded","section":"Shading Mode"},"sceneLighting":true,"audioPlay":false,"sceneViewState":{"showFog":true,"showMaterialUpdate":false,"showSkybox":true,"showFlares":true,"showImageEffects":true,"showParticleSystems":true},"in2DMode":false,"pivot":{"x":-3.6801652908325197,"y":0.15125274658203126,"z":0.7798589468002319},"rotation":{"x":-0.056431129574775699,"y":0.6987488269805908,"z":-0.05546968802809715,"w":-0.7110137343406677},"size":2.8656997680664064,"orthographic":false}